-- phpMyAdmin SQL Dump
-- version 4.5.1
-- http://www.phpmyadmin.net
--
-- Host: 127.0.0.1
-- Generation Time: Sep 30, 2017 at 04:41 PM
-- Server version: 10.1.9-MariaDB
-- PHP Version: 5.6.15

SET SQL_MODE = "NO_AUTO_VALUE_ON_ZERO";
SET time_zone = "+00:00";


/*!40101 SET @OLD_CHARACTER_SET_CLIENT=@@CHARACTER_SET_CLIENT */;
/*!40101 SET @OLD_CHARACTER_SET_RESULTS=@@CHARACTER_SET_RESULTS */;
/*!40101 SET @OLD_COLLATION_CONNECTION=@@COLLATION_CONNECTION */;
/*!40101 SET NAMES utf8mb4 */;

--
-- Database: `heal_manage`
--

-- --------------------------------------------------------

--
-- Table structure for table `doctor`
--

CREATE TABLE `doctor` (
  `doctor_id` varchar(20) NOT NULL,
  `doctor_name` varchar(255) NOT NULL,
  `doctor_add` varchar(500) NOT NULL,
  `doctor_phone` varchar(30) NOT NULL
) ENGINE=InnoDB DEFAULT CHARSET=utf8;

--
-- Dumping data for table `doctor`
--

INSERT INTO `doctor` (`doctor_id`, `doctor_name`, `doctor_add`, `doctor_phone`) VALUES
('	DT00004', 'นพท.จิตติมา หลิวศิริ ', '25 ม.4 ต.หนองสโหน อ.ท่ายาง จ.เพชรบุรี', '0854547414'),
('DT00003', 'ทริสตอง สมชาย', '15 ม.7 ต.ท่าราบ อ.เมือง จ.เพชรบุรี', '0883215475'),
('DT00005', 'นายณรงค์ คงอยู่', '20 ม.7 ต.ทุ่งขาม อ.ท่ายาง จ.เพชรบุรี', '0925457457'),
('DT00006', 'นางสมศรี แฝงสีคำ', '48 ม.7 ต.ท่าราบ อ.เมือง จ.เพชรบุรี', '0953232565'),
('DT00007', 'นายแพทย์ ขจร วงสุวรรณ์', '33 ม.8 ต.ท่าไม้รวก อ.ท่ายาง จ.เพชรบุรี', '0845457425'),
('DT00008', 'นายฉัตรณรงค์ ห้อมล้อม', '12 ม.4 ต.ท่าราบ อ.เมือง จ.เพชรบุรี', '0984857645'),
('DT00009', 'นายวีระพงศ์ บัวแดง', '34 ม.1 ต.ท่ายาง อ.ท่ายาง จ.เพชรบุรี', '0988557643'),
('DT00010', 'นางอมิตา เพ็งสว่าง', '30 ม.4 ต.ทุ่งหง อ.ท่ับกระดาน จ.เพชรบุรี', '0988474656'),
('DT00011', 'นายจตุรงค์ พราหมณสเน่ห์', '10 ม.4 ต.หนองกระเจ็ด อ.ทับช้าง จ.เพชรบุรี', '0595869499'),
('DT00012', 'นางนฤมล กระเปอะน้อย', '30 ม.9 ต.หนองอีหลก อ.ชะอำ จ.ราชบุรี', '0943833234'),
('DT00013', 'นายวรพล นาคประเสริฐ', '10 ม.10 ต.หนองพลับ อ.หัวหิน จ.เพชรบุรี', '0838475637'),
('DT00014', 'นายอานนท์ ศรเดช', ' ๕/๒  ม.๘  ต.ดงดอน  อ.สรรคบุรี  จ.ชัยนาท ', '0948372633'),
('DT00015', '.นายเลียบ   ล้อมลาย ', '๑๕๓  หมู่ ๓  ต.ชัยนาท  อ.เมือง  จ.ชัยนาท ', '0984758508'),
('DT00016', 'นายชม  ขำหล่อ ', '๑๑๑ ต.เที่ยงแท้   อ.สรรคบุรี  จ.ชัยนาท ', '0948564845'),
('DT00017', 'นายสมบัติ   วงษ์ขำ ', ' ๒๔  หมู่  ๑๒  ต.งิ้วราย  อ.เมือง  จ.ลพบุรี', '0947563425'),
('DT00018', 'นายย่อน  หม้อทอง ', '๖๘  หมู่  ๒  ต.ท่าวุ้ง  อ.ท่าวุ้ง  จ.ลพบุรี ', '0835427454'),
('DT00019', 'นายยุ้ย   ปานทอง ', '42 หมู่ 1  ต.คอทราย  อ.ค่ายบางระจัน  จ.สิงห์บุรี ', '0837454364'),
('DT00020', 'นายลออง   สถิตย์บุตร ', '42/2 หมู่ 3 ต.พิกุลทอง อ.ท่าช้าง จ.สิงห์บุรี ', '0936474857'),
('DT00021', 'นายเทียนชัย   ศิริเสน ', '77  หมู่ 4 ต.บ่อเงิน  อ.ลาดหลุมแก้ว  จ.ปทุมธานี ', '0943743635'),
('DT00022', 'นายเปรมปรี  รวยพินิจ ', '331  หมู่ 2 ต.บางโปรง อ.เมือง จ.สมุทรปราการ  ', '0374523523'),
('DT00023', '.นายสมัคร    แก่นจันทร์', '47/2 หมู่ 4 ต.บางยอ อ.พระประแดง จ.สมุทรปราการ ', '0845474545'),
('DT00024', 'นางสาวเสาวณี  เสนีย์วงศ์  ณ  อยุธยา ', ' 139/9 หมู่ 3 ต.บางหญ้าแพรก อ.เมือง จ.สมุทรสาคร ', '0845635473'),
('DT00025', 'นางบุญล้อม    ทองคุ้ม', '4  หมู่  3  ต.ชัยมงคล อ.เมือง จ.สมุทรสาคร ', '0736234234'),
('DT000258', 'นายพุฒิพงศ์    กาญจนดิลก ', '36/12  หมู่  8  ต.ธงชัย  อ.เมือง  จ.เพชรบุรี ', '0284374374'),
('DT00026', 'นายสม    เส็งมา ', '125/2  หมู่  1  ต.ดอนไก่ดี  อ.กระทุ่มแบน จ.สมุทรสาคร ', '0823472734'),
('DT00027', 'นายพนม    สิ้นทุกข์ ', '158 หมู่  2 ต.บ้านกุ่ม อ.เมือง จ.เพชรบุรี ', '0346347827'),
('DT00029', 'นางวรรณา   พิมพามา ', '82 หมู่ 4 ต.บางครก อ.บ้านแหลม จ.เพชรบุรี ', '0938374646'),
('DT00030', 'นายสำลี    หวังวันเพ็ญ ', '98/22  หมู่  2  ต.สมเด็จเจริญ  อ.หนองปรือ จ.กาญจนบุรี ', '0936474454'),
('DT00031', 'นายเจริญ   สังข์ภาพ ', '80/2 หมู่ 5  ต.หนองบัว อ.เมือง จ.กาญจนบุรี ', '0727283738'),
('DT00032', 'นายอรัญ   จันทร์ศิริ ', '415 ต.ท่ามะขาม  อ.เมือง  จ.กาญจนบุรี ', '0934623423'),
('DT00033', 'นายทองดี   เบ้าศรี', ' 69 หมู่ 3  ต.วังกรด  อ.บางมูลนาก  จ.พิจิตร ', '0752342534'),
('DT00034', 'นายณรงค์    แสงจันทร์', '61 หม ู่ 7  ต.โพธไิทรงาม  อ.บงึนาราง  จ.พจิติร', '0723432453'),
('DT00035', 'นายบุญชู   แสงทอง ', '65/2 หมู่ 11 ต.บางไผ่ อ.บางมูลนาก จ.พิจิตร ', '0862342363'),
('DT00036', 'นายสมาน   เมืองทอง', '169 ต.ตะพานหิน อ.ตะพานหิน จ.พิจิตร', '0234234765'),
('DT00037', 'นางหนม   นาคปาน', '92/3 หมู่ 6  ต.สวนใหญ่ อ.เมือง จ.นนทบุรี', '0634235345'),
('DT00038', 'นายสุนทร   คล้ายสอน', '54  หมู่  6  ต.หนองเพรางาย  อ.ไทรน้อย จ.นนทบุรี  ', '0823467772'),
('DT00039', 'นายประครองทรัพย์  ชาญเชิดศักดิ์ ', '38 หมู่ 2 ต.บางม่วง อ.บางใหญ่ จ.นนทบุรี ', '0234863754'),
('DT00040', 'นายประสพสุข   อังคะวะรา ', ' 104/112 หมู่ 6 ต.แสมดำ อ.บางขุนเทียน จ.กรุงเทพมหานคร ', '0721323577'),
('DT00041', 'นายสัมฤทธิ์   ไม้ทอง', '211/1 แขวงหลักสอง จังหวัดกรุงเทพมหานคร ', '0823642634'),
('DT00042', 'นายกิตติพงษ์   ปังศรีวินิจ', '122/456  หมู่ที่  2  แขวงทุ่งครุ  เขตทุ่งครุ จังหวัดกรุงเทพมหานคร ', '0234767346'),
('DT00043', 'นายสัมฤทธิ์  จำแนกวุฒ', '8/2 หมู่ 5 ต.หนองน้ำส้ม  อ.อุทัย จ.พระนครศรีอยุธยา ', '0738468374'),
('DT00044', 'นางรัตนาวดี   อินทรถาวร', '18 หมู่ 3  ต.ไชโย  อ.ไชโย  จ.อ่างทอง ', '0823463475'),
('DT00045', 'นายบุญเลี้ยง  เภสัชเวชกิจ ', '216 หมู่ 4 ต.บ้านแหลม อ.บางปลาม้า จ.สุพรรณบุรี ', '0923764373'),
('DT00046', 'นายสวัสดิ์   เรืองทองดี ', '14/1 หมู่ 4 ต.หนองหญ้าไซ อ.หนองหญ้าไซ จ.สุพรรณบุรี  ', '0243873456'),
('DT00047', 'นายบุญส่ง   ศรีสำราญ ', '13  ต.พลับพลาไชย อ.อู่ทอง จ.สุพรรณบุรี ', '0748565738'),
('DT00048', 'นายสว่าง   เชี่ยวชาญ ', '102 หมู่ 6  ต.บางพลับ  อ.สองพี่น้อง จ.สุพรรณบุรี   ', '0635463453'),
('DT00049', 'นายประจวบ  สิงหวิบูลย์', '291/3  หมู่ 3 ต.เกาะหวาน อ.ปากพลี จ.นครนายก ', '0354634534'),
('DT00050', 'นายปรุง   มาลัย ', ' 3 หมู่ 6  ต.ป่าขะ อ.บ้านนา จ.นครนายก ', '0232343465'),
('DT00053', 'นายจรูญ   พรหมมีฤทธิ์', '78/1 หมู่ที่ 1 ตำบลป่าไร่    อำเภอแม่ลาน จังหวัดปัตตานี ', '0238647263'),
('DT00054', 'นายแสวง  สุทธิ ', ' 75 หมู่ 5 ตำบลปิงหลวง  อำเภอนาหมื่น จังหวัดน่าน ', '0234723546'),
('DT00055', 'นายสุพัฒน์  สายยืด ', '51/1 หมู่ 6 ตำบลบ้านเหล่า  อำเภอสูงเม่น จังหวัดแพร่ ', '0839457893'),
('DT00056', 'นายเงิน  สุทธิสังข์ ', '126/4 หมู่ 6 ตำบลต้าผามอก อำเภอลอง จังหวัดแพร่ ', '0892378472'),
('DT00057', 'นายมา  ขันเงิน ', '25 หมู่ 8 ตำบลบ้านหนุน อำเภอสอง จังหวัดแพร่ ', '0723846786'),
('DT00058', 'นายชาลี  ขวัญเมือง ', '44 หมู่ 5 ตำบลร้องเข็ม อำเภอร้องกวาง จังหวัดแพร่ ', '0861526535'),
('DT00059', 'นายน้อย  ไทยธีระ ', '892 หมู่ 4 ตำบลท่าโรง  อำเภอวิเชียรบุรี จังหวัดเพชรบูรณ์ ', '0761278638'),
('DT00060', 'นายมานิตย์  สุวรรณดวง ', '130/2 หมู่ 4 ตำบลบ่อไทย  อำเภอหนองไผ่ จังหวัดเพชรบูรณ์ ', '0283764326'),
('DT00098', 'นายมะแอ  ยูโช๊ะ', '25  หมู่ที่ 5 ตำบลป่าไร่     อำเภอแม่ลาน จังหวัดปัตตานี ', '0873648726');

-- --------------------------------------------------------

--
-- Table structure for table `heal`
--

CREATE TABLE `heal` (
  `heal_id` varchar(20) NOT NULL,
  `heal_name` varchar(200) NOT NULL,
  `doctor_id` varchar(10) NOT NULL,
  `mtype_id` varchar(10) NOT NULL,
  `heal_date` varchar(20) NOT NULL,
  `heal_detail` text NOT NULL
) ENGINE=InnoDB DEFAULT CHARSET=utf8;

--
-- Dumping data for table `heal`
--

INSERT INTO `heal` (`heal_id`, `heal_name`, `doctor_id`, `mtype_id`, `heal_date`, `heal_detail`) VALUES
('Z001', 'ระดูทับไข้', 'DT00012', 'S004', '2017-09-21', 'รกัษาดว้ยยา ๔ ชนดิ คอื หวัยาขา้วเยน็ใต ้ หวัยาขา้วเยน็เหนอื  รากมะล ิ รากมะพรา้ว'),
('Z002', 'ปวดหลัง', 'DT00017', 'S009', '2017-09-15', 'รักษาด้วยการนวดคลายเส้นทั้งตัว  นวดเน้นที่บริเวณเอวที่ปวด  จุดที่ ๑ และ ๕   นวดขาทั้ง  ๒  ข้างทั้งด้านในและด้านนอก '),
('Z003', 'โรคอัมพฤกษ์ อัมพาต', 'DT00016', 'S041', '2017-09-22', 'รักษาโดยการนวดจับเส้น และใช้ยาสมุนไพร ยาสมุนไพรที่ใช้มี  ๒ ประเภท  ๑) ยาต้ม  ประกอบด้วย ข่าแดง หัวไพล หัวกระชาย และ หัวกระทือ เป็นต้น  ๒) ยาผง  ประกอบด้วย เพชรตุฆาต และ มาตุฆาต เป็นต้น '),
('Z004', 'กระดูกหัก กระดูกเคลื่อน', 'DT00017', 'S037', '2017-09-21', 'รกัษาโดยใชน้ำ้มนัมะพรา้วทาบรเิวณทห่ีกัและบรกิรรมคาถาพระโมคลาน  และเขา้เฝอืก  ไม้ไผ่'),
('Z005', 'กระดูกหัก', 'DT00019', 'S037', '2017-08-31', 'วธิกีารรกัษา จดักระดกูทห่ีกัใหก้ลบัเขา้ทเ่ีดมิ เขา้เผอืกไมไ้ผ ่และทานำ้มนั ประกอบดว้ย  สมุนไพรสำคัญ เช่น ดีหมี กระดูกเลียงผา งาช้างเผือก เขี้ยวเสือไฟ และเขียวหมูตัน   และสมุนไพรอื่นๆ กว่า ๒๐ ชนิด '),
('Z006', 'กระดูกหัก เคลื่อน หรือ หลุด ', 'DT00006', 'S037', '2017-10-21', 'คลำบริเวณที่ปวดเพื่อดูว่ากระดูกหักหรือแตก หรือดูฟิล์มเอกซ์เรย์ประกอบหาก   ผู้ป่วยนำมาด้วย '),
('Z007', ' โรคอัมพฤกษ์-อัมพาต ', 'DT00048', 'S038', '2017-09-03', 'รักษาด้วยการนวดจับเส้นโดยน้ำมันสมุนไพร ตัวยาในน้ำมันนวดประกอบด้วย ไพล   ขมน้ิ การบรู และเมนทอล และใหร้บัประทานยาตม้ ตวัยาประกอบดว้ย ขเ้ีหลก็ทง้ัหา้   ตรีผลา แห้วหมู ยาดำ และดีเกลือ '),
('Z008', 'งูกัดและสัตว์พิษกัด', 'DT00098', 'S046', '2017-09-20', 'ล้างแผลให้สะอาด ด้วยน้ำมันสมุนไพรชุบสำลี น้ำมันสมุนไพรประกอบด้วย    ขมิ้นอ้อย หัวเปราะ หัวไพล ขมิ้นดี ข่าใหญ่ ข่าเล็ก กระชาย เจตมูลเพลิงแดง    สะค้าน รากช้าพลู ใบมะกรูด ใบมะนาว ใบเสม็ดขาว ใบหนาด หัวชะงอ   ว่านมหาเมฆ เป็นต้น อย่างละเท่ากันนำมาเคี่ยวในน้ำมันมะพร้าว'),
('Z009', 'งูสวัด หรือ เริมใหญ่', 'DT00047', 'S046', '2017-09-15', 'เปิดแผลทำความสะอาด เปลี่ยนผ้าปิดแผลทุกวันจนกว่าแผลจะแห้งตกสะเก็ด     ใช้เวลารักษาประมาณ ๑ เดือน'),
('Z010', 'งูกัดและสัตว์พิษกัด', 'DT00006', 'S046', '2017-09-15', 'เปลือกต้นเทียม (สะเดาช้าง) เปลือกกระท่อม ฝนกับน้ำข้าว รักษาแผลเน่าเปื่อย     ให้ฝนพาดบริเวณแผล ๕-๖ ครั้งต่อวัน นานติดต่อกัน ๗ วัน'),
('Z011', 'อัมพฤกษ์ อัมพาต', 'DT00013', 'S041', '2017-08-25', 'รักษาโดยการนวดแบบเชลยศักดิ์ อบสมุนไพร อาบน้ำยาสมุนไพร ประคบ    กินยาต้ม ประกอบด้วยตัวยาสำคัญ คือ ช้าพลู แห้วหมู ดีปลี สะค้าน    เจตมูลเพลิง สลอด กรุงเขมา ยาดำ  รับประทานครั้งละ ๑ แก้ว วันละ ๓ ครั้ง   ก่อนอาหาร ติดต่อกันนาน ๓-๕ วัน  และทาน้ำมันสมุนไพร รมไฟ สร้างความ   อบอุ่นให้แก่ร่างกาย'),
('Z012', ' โรคกระดูกหัก', 'DT00048', 'S037', '2017-09-24', 'หลังจากเอาเฝือกออกแล้ว ต้องคลำดูว่ากระดูกเข้าที่แล้ว ต้องนวดน้ำมันทุกวัน   จนกว่าจะหาย '),
('Z013', ' ไข้ทับระดูหรือระดูทับไข้ ', 'DT00044', 'S035', '2017-09-27', ' ยาต้ม ประกอบด้วยสมุนไพร คือ ไส้ข้าวโพด งวงมะพร้าว น้ำปูนใส เสกด้วย   อาการ ๓๒ ตม้ยาเคย่ีวสามเอาหนง่ึ ดม่ืครง้ัละ ๑ ถว้ยชา วนัละ ๒ ครง้ั กอ่นอาหาร    ติดต่อกันนาน ๓ วัน   '),
('Z014', 'อัมพฤกษ', 'DT00048', 'S041', '2017-09-27', 'ยาต้ม ประกอบด้วยสมุนไพร คือ หัวไพล ขมิ้นอ้อย ผักเสี้ยนผี เถาวัลย์เปรียง    พิมเสน อย่างละ ๕ บาท  ดื่มครั้งละ ๑ ถ้วยชา วันละ ๓ ครั้ง เช้า เที่ยง เย็น    ติดต่อกันนาน ๑๐ วัน '),
('Z015', 'กระดูกหัก เคลื่อน หรือ หลุด', 'DT00044', 'S026', '2017-09-15', 'คลำบริเวณที่ปวดเพื่อดูว่ากระดูกหักหรือแตก หรือดูฟิล์มเอกซ์เรย์ประกอบหาก ผู้ป่วยนำมาด้วย'),
('Z016', 'กระดูกหัก แตก ข้อหลุด ร้าว ข้อแพลง', 'DT00049', 'S026', '2017-09-24', 'ใส่เฝือกไม้ไผ่ ๕ อัน สำหรับข้อมือ ๗ อัน สำหรับแขน และ ๙ อัน สำหรับขา แล้วพันผ้าก๊อส เป่าคาถาสำทับลงไปที่บริเวณที่แตกหัก ๓. นดัผปู้ว่ยประมาณ ๕ วนัมาเปลย่ีนยาใหม ่และนดัอกีจนกวา่ผปู้ว่ยจะหายแนะนำ ให้บำบัดด้วยเอาน้ำร้อนประคบ เสร็จแล้วทาน้ำมันยา จนกว่ากระดูกแข็งแรง แล้วก็ ให้ผู้ป่วยยกแขน ขา จรดพื้น งอเข้ายืดออก จนกว่านั่งได้ เดินได้ และจับของได้ปกติ'),
('Z017', 'อัมพฤกษ์ อัมพาต', 'DT00048', 'S038', '2017-09-10', 'รักษาด้วยยา ๘ ชนิด คือ ดีปลี ฝักคูณ พริกไทย ชะลูด ใบพิมเสน เทียนดำ แห้วหมู ใบมะกา อาหารแสลง คือ หน่อไม้ดอง ของหมักดอง และน้ำเย็น'),
('Z018', 'ระดูทับไข้', '	DT00004', 'S028', '2017-10-27', 'รกัษาดว้ยยา ๔ ชนดิ คอื หวัยาขา้วเยน็ใต ้ หวัยาขา้วเยน็เหนอื รากมะล ิ รากมะพรา้ว'),
('Z019', 'ซางลำไส้เด็ก', 'DT00045', 'S029', '2017-09-07', 'รักษาด้วยยา ๕ ชนิด คือ แกแล ๑ ส่วน ฝาง ๑ ส่วน ซังข้าวโพด ๑ ส่วน ดีปลี ๓ เม็ด พริกไทย ๗ เม็ด'),
('Z020', 'อัมพฤกษ์', 'DT00049', 'S017', '2017-09-01', 'รักษาด้วยยา ๕ ชนิด คือ ใบมะกา ๓ กำมือ ฝักคูณ ๕ ฝัก ดีเกลือ ๑/๒ ขีด ยาดำ ๑/๒ กรัม แก่นขี้เหล็ก ๕ ขีด อาหารแสลง คือ ของหมักดอง ของมึนเมา เนื้อไก่ อาหารทะเล'),
('Z021', 'ไหล่ติด', 'DT00036', 'S031', '2017-09-27', 'นวดคลายเส้น และจัดกระดูก'),
('Z022', 'ไข้ทับระดู ระดูทับไข้', 'DT00047', 'S035', '2017-09-26', 'รักษาด้วยยา ๔ ชนิด คือ รากหมาก รากตาล รากมะพร้าว กำลัง'),
('Z023', 'พายเลือดพายลม', '', 'S005', '2017-09-01', 'รักษาด้วยยา ๗ ชนิด คือ ข่า ๑ ส่วน ไพล ๑ ส่วน ใบหนาด ๑ ส่วน ลูกมะกรูด ๙ ลูก ใบมะนาว ๙ ใบ ใบมะกา ๔ กิ่ง ขมิ้นอ้อย ๑ ส่วน อาหารแสลง คือ หมู ไก่ แป้งหมัก ข้าวเหนียว ปลาหลด ปลาไหล'),
('Z024', 'กระดูกหัก', 'DT00053', 'S037', '2017-09-18', 'รักษาด้วยยา ๑๗ ชนิด คือ น้ำไพลสด ๕๐ กิโลกรัม ขมิ้นอ้อย ๕๐ กิโลกรัม วา่นเพชรสงัฆาต ๑๐ กโิลกรมั วา่นเถาเอน็ออ่น ๑๐ กโิลกรมั วา่นมา้ฮอ้ ๑๐ กโิลกรมั ว่านมาเหลียว ๒๐ กิโลกรัม ว่านม้า ๑๐ กิโลกรัม เถาคัน ๑๐ กิโลกรัม สบู่เลือด ๑๐ กิโลกรัม เถาตำลึง ๑๐ กิโลกรัม น้ำมันงา ๒๐ ปี๊บเล็ก น้ำมันมะพร้าว ๗ ลูก น้ำส้มสายชู ๒ ขวด สารส้ม ๒ บาท พิมเสน ๑/๒ กิโลกรัม การบูร ๑/๒ กิโลกรัม เมนทอล ๑/๒ กิโลกรัม'),
('Z025', 'โรคพิษสุนัขบ้า', 'DT00045', 'S039', '2017-09-28', 'รักษาด้วยยา ๒ ชนิด คือ ผักขมหนาม ๑ ต้น เหล้าขาว ๑ แก้ว'),
('Z026', 'เบาหวาน', 'DT00048', 'S040', '2017-09-03', 'รักษาด้วยยา ๓ ชนิด คือ กระท้อนทั้ง ๕ บอระเพ็ดตัวผู้ หนอนตายอยาก'),
('Z027', 'ฉี่หนู', 'DT00048', 'S042', '2017-09-05', 'รักษาด้วยยา ๕ ชนิด คือ เหง้าสับปะรด งวงตาล สารส้ม เหงือกปลาหมอ น้ำตาลทรายกรวด'),
('Z028', 'ปวดหัวเข่ากระดูกเสื่อม', 'DT00050', 'S010', '2017-09-25', 'รักษาด้วยยา ๒ ชนิด คือ ตะไคร้ ๕ ต้น ใบย่านาง ๑ กำมือ'),
('Z029', 'แผลติดเชื้อ', 'DT00048', 'S044', '2017-09-17', 'รักษาด้วยยา ๔ ชนิด คือ หมาก ๓ แว่น ปูน ๑ ช้อนชา ใบพลู ๑ ใบ'),
('Z030', 'แผลพุพองเน่าทั้งตัว ภูมิแพ้ เหนื่อยหอบ วัณโรค', 'DT00008', 'S045', '2017-09-24', 'รักษาด้วยยา ๗ ชนิด คือ ฟ้าทะลายโจร หนุมานประสานกาย ทองพันชั่ง ช้าพลู ไพล แพงพวยบก หญ้าหนวดแมว'),
('Z031', 'งูสวัด และลมพิษ', 'DT00048', 'S046', '2017-09-04', 'รกัษาดว้ยยา ๔ ชนดิ คอื ใบบวัหลวง ๓ ใบ รากคดัคา้ว ๑ บาท รากตะขบปา่ ๑ บาท รากพุงดอ ๑ บาท'),
('Z032', 'เบาหวาน', 'DT00047', 'S040', '2017-09-19', 'รักษาด้วยยา ๔ ชนิด คือ ใบหนาด ๕ บาท ทองพันชั่ง ๕ บาท รากพุทรา ๕ บาท สารส้ม ๒ บาท'),
('Z033', 'เส้นยึด กระดูกทับเส้น เส้นจม', 'DT00015', 'S048', '2017-09-30', 'การรักษาคือการกดจุดตามเส้น'),
('Z034', 'ข้อบวม ปวด', 'DT00044', 'S049', '2017-10-12', 'รักษาด้วยยา ๔ ชนิด คือ ใบอินทนิลน้ำ ๓ ส่วน หญ้าขัดมอญ ๓ ส่วน หญ้าดอกขาว ๑ ส่วน หัวว่านน้ำ ๓ ส่วน'),
('Z035', 'โรคปวดเมื่อย', 'DT00049', 'S050', '2017-09-19', 'รักษาด้วยยา ๕ ชนิด คือ เถาวัลย์เปรียง ๔ ส่วน หญ้าหมอน้อย ๒ ส่วน ดอกดีปลี ๒ ส่วน กำแพงเจ็ดชั้น ๑ ส่วน ใบมะขามแขก ๑ ส่วน'),
('Z036', 'โลหิตสตรีเสีย', 'DT00047', 'S021', '2017-09-03', 'ยาตม้ ประกอบดว้ย ใบสม้เสย้ีว ใบมะกา ใบสม้ปอ่ย แกน่ฝาง หางไหล อยา่งละเทา่กนั ล้างทำความสะอาดเอาใส่ภาชนะต้ม ดื่มครั้งละ ครึ่งแก้ว วันละ ๓ ครั้ง หลังอาหาร ติดต่อกันนาน ๗-๑๐ วัน'),
('Z037', 'กระษัยเส้น', 'DT00050', 'S022', '2017-07-27', 'ยาต้ม ประกอบด้วย ขมิ้นฤษี กำแพงเจ็ดชั้น เถาวัลย์เปรียง ทนดี และยาดำ อย่างละเท่ากัน ล้างทำความสะอาดเอาใส่ภาชนะต้ม ดื่มครั้งละครึ่งแก้ว วันละ ๓ ครั้ง หลังอาหาร ติดต่อกันนาน ๕-๑๐ วัน'),
('Z038', 'กระดูกทับเส้นประสาท', 'DT00007', 'S023', '2017-09-17', 'สูตรยานวด ประกอบด้วย พริกไทยร้อน เจตมูลเพลิง รากถั่วแระ เถาวัลย์เปรียง และโคคลาน ตำให้ละเอียดใส่น้ำมันงาคนให้เข้ากัน ตั้งให้ตกตะกอน แล้วใช้ ทาเวลาจะนวด'),
('Z039', 'โรคริดสีดวงทวาร', 'DT00048', 'S024', '2017-09-03', 'วิธีการรักษา ยาต้ม ประกอบด้วย งวงตาล รากใบแก้มหมอ ใบหลุมนก ต้มดื่ม'),
('Z040', 'โรคริดสีดวงจมูก', 'DT00053', 'S025', '2017-06-23', 'วิธีการรักษา ทำยาให้สูบ ประกอบด้วย ใบมุดตา และยาเส้น มวนสูบ');

-- --------------------------------------------------------

--
-- Table structure for table `medtype`
--

CREATE TABLE `medtype` (
  `mtype_id` varchar(20) NOT NULL,
  `mtype_name` varchar(200) NOT NULL,
  `mtype_detail` varchar(500) NOT NULL
) ENGINE=InnoDB DEFAULT CHARSET=utf8;

--
-- Dumping data for table `medtype`
--

INSERT INTO `medtype` (`mtype_id`, `mtype_name`, `mtype_detail`) VALUES
('S001', 'นวด', 'วิธีการนวด ให้ผู้ถูกนวดนอนหงายราบกับพื้นหรือที่นอน ใช้หมอนหนุนรองศีรษะ'),
('S002', 'คลอบแก้ว', 'ศาสตร์หนึ่งของแพทย์แผนจีน กลับมาได้รับความนิยม '),
('S003', 'อบสมุนไพร', 'การอบไอน้ำสมุนไพรเพื่อสุขภาพและความงาม" ที่เหมาะสม ควรใช้เวลาในการอบเพีบง 10-15 นาที ไม่ควรมากกว่านั้น '),
('S004', 'กินยาสมุนไพร', 'ใช้ให้ถูกต้น สมุนไพรมีชื่อพ้องหรือซ้ำกันมากและบางท้องถิ่นก็เรียกไม่เหมือนกัน จึงต้องรู้จักสมุนไพร และใช้ให้ถูกต้น'),
('S005', 'นวดน้ำมัน', 'วิธีการนวดน้ำมัน ด้วยน้ำมันโจโจ้บา ออย\r\nสาธิตการนวดน้ำมันด้วยน้ำมันโจโจ้บา ออย และชมภาพบรรยากาศสถานที่ของ ฮาปา สปา\r\nโจโจบา ออยล์ (Jojoba Oil) น้ำมันสกัดจากผลของโจโจบา มีลักษณะเป็นกึ่งของเหลวและ\r\nแวกซ์ อุดมไปด้วยโปรตีน วิตามินและแร่ธาตุ'),
('S006', 'ลูบกล้ามเนื้อหลัง', 'ให้ผู้ถูกนวดนอนคว่ำหน้าราบกับพื้นหรือที่นอน ใช้หมอนรองใต้หน้าอก กางแขนออกเล็กน้อย ผู้นวดใช้มือทั้งสองข้างวางลงบนหลังของผู้ถูกนวดบริเวณท้ายทอย ให้นิ้วหัวแม่มืออยู่ใกล้กับแนวกระดูกสันหลังห่างออกมาเล็กน้อย นิ้วทั้วสี่อยู่กลางหลังนิ้วชิดกัน ลูบจากท้ายทอยลงไปจนถึงก้นกบ ลูบลงไปอย่างช้า ๆ ออกแรงกดที่มือทั้งสองข้าง ทำสลับไปมาแล้วจึงเปลี่ยนเป็นท่าต่อไป'),
('S007', 'คลึงกล้ามเนื้อหลัง', 'ให้ผู้ถูกนวดนอนคว่ำหน้าราบกับพื้นหรือที่นอน ใช้หมอนรองใต้หน้าอก กางแขนออกเล็กน้อย ผู้นวดกางมือทั้งสองข้างออกให้กว้างที่สุด แล้ววางลงบนท้ายทอย ใช้นิ้วหัวแม่มือคลึงจากท้ายทอยลงมาตามแนวกล้ามเนื้อหลังจนถึงก้นกบให้กดน้ำหนักลงที่นิ้วหัวแม่มือทั้งสองข้าง คลึงจากท้ายทอยลงไปจนถึงก้นกบ คลึงลงไปอย่างช้า ๆ  ทำสลับไปมาจากท้ายทอยลงไปจนถึงก้นกบแล้วจึงเปลี่ยนเป็นท่าต่อไป'),
('S008', 'คลึงแนวกระดูกสันหลัง', 'ให้ผู้ถูกนวดนอนคว่ำหน้าราบกับพื้นหรือที่นอน ใช้หมอนรองใต้หน้าอก กางแขนออกเล็กน้อย ผู้นวดใช้มือทั้งสองข้างวางลงบนท้ายทอย ให้มือทั้งสองตั้งขึ้นนิ้วหัวแม่มืออยู่ด้านบน ใช้มือทั้งสองคลึงจากท้ายทอยลงมาตามแนวกระดูกสันหลังจนถึงก้นกบให้ออกแรงกดโดยเหยียดข้อศอกให้ตรง เมื่อถึงก้นกบให้ลดแรงกด คลึงลงไปอย่างช้า ๆ  ทำสลับไปมาจากท้ายทอยลงไปจนถึงก้นกบแล้วจึงเปลี่ยนเป็นท่าต่อไป'),
('S009', 'ปวดหลัง', 'การนวด  เนน้การนวดแบบจบัจดุทห่ีลงั บรเิวณทเ่ีจบ็และนวดจบัเสน้บรเิวณหลงั    เอว บ่า และใช้น้ำมันขี้ผึ้งร่วมด้วยในการนวด เพื่อช่วยคลายเส้นด้วยความร้อน   จากตัวน้ำมันขี้ผึ้ง และใช้มนต์คาถาหลังจากนวดเสร็จ '),
('S010', ' ปวดเข่า', 'ประคบสมนุไพร ประกอบดว้ย ไพล ผกัเสย้ีนผ ีเถาเอน็ออ่น ใบมะกรดู ใบมะขาม    ใบส้มป่อย และเกลือ รักษาติดต่อกันนาน ๓-๕ วัน '),
('S011', 'อัมพฤกษ์ระยะแรก', 'ยาต้ม ประกอบด้วย แก่นขี้เหล็ก แก่นตำเสา ใบมะกา ใบเสม็ด และยาดำ    ต้มรับประทาน วันละ ๓ ครั้ง ก่อนอาหาร ติดต่อกัน ๑๕ วัน'),
('S012', 'ปวดท้อง เพราะลมกำเริบ ', 'การนวดท้อง ขับลม ทำให้เรอ นวดเส้นสุมนา บนสะดือสองนิ้วถึงลิ้นปี่ '),
('S013', 'โรคเกี่ยวกับกระดูก', 'น้ำมันคลายเส้น ประกอบด้วย ไพลดำ ไพลขาว หัวกะทือแดง  ตำให้ละเอียด    ผสมกับน้ำมันมะพร้าว อัตราส่วน ๑ ต่อ ๓ นำมาเคี่ยว ใช้นวดวันละครั้ง'),
('S014', 'พังผืดกดทับหมอนรองกระดูก', 'ใช้การตอก เพื่อละลายพังผืด ใช้ไม้ไผ่ตัน (ใช้มาตั้งแต่บรรพบุรุษ) เป็นการตอก   แบบสะกิดออกและใช้น้ำมันนวดคลาย'),
('S015', ' โรคตานซาง', 'ยาต้ม ประกอบด้วย งวงตาล ตานหมอน อย่างละ ๑ ส่วน ตาลครอบ ๒ ส่วน    กระเพรา และนำ้ตาลกรวด ตม้ดม่ืครง้ัละ ๒ ชอ้นโตะ๊ วนัละ ๒ ครง้ั ตดิตอ่กนันาน    ๒๐ วัน'),
('S016', 'กระเพาะอาหาร และลำไส้', 'ยาผง   ประกอบด้วย  ผักแพวแดง  เปลือกหอยขมเผาไฟ  ขมิ้น  พิมเสน    อย่างละ ๑ ส่วน และพริกไทย ๕ ส่วน  บดเป็นผงละลายน้ำผึ้ง รับประทาน'),
('S017', 'โรคอัมพฤกษ์', 'ยาผงและยาตม้ ประกอบดว้ยสมนุไพร คอื รากและเมลด็ตมูกา ขงิแหง้ พริกไทยดำ   โกศน้ำเต้า เจตมูลเพลิงแดง ใบมะกา ต้มดื่มไม่เกินครั้งละ ๕๐ ซีซี วันละ ๓ ครั้ง    ก่อนอาหาร ติดต่อกันนานตามแต่อาการ'),
('S018', ' โรคนิ่วในไต', 'ยาต้ม ประกอบด้วย เหง้าสับปะรด  แก่นมะเฟือง รากหญ้าคา เถารางแดง    ไมยราบ อย่างละ ๕ ส่วน และสารส้มครึ่งส่วน ต้มดื่ม ครั้งละ ๕๐ ซีซี    วันละ ๓ ครั้ง ก่อนอาหาร ติดต่อกันนาน ๑๐-๑๕ วัน'),
('S019', 'โรคเบาหวาน', 'ยาตม้ ประกอบดว้ย กาฝากมะนาว กาฝากนนุ่ รากหญา้คา ตน้ขล ู่ อยา่งละเทา่กนั    ลา้งทำความสะอาดเอาใสภ่าชนะตม้ ดม่ืครง้ัละ ครง่ึแกว้ วนัละ ๓ ครง้ั หลงัอาหาร    ติดต่อกันนาน ๘-๑๐ วัน '),
('S020', 'ตานซาง', 'ยาต้ม ประกอบด้วย กระเพราแดง กระเพราขาว พลูคาว หลังแรดควาย    ว่านร่อนทอง อย่างละเท่ากัน ล้างทำความสะอาดเอาใส่ภาชนะต้ม ดื่มครั้งละ   ๒ ช้อนคาว วันละ ๓ ครั้ง หลังอาหาร ติดต่อกันนาน ๗-๑๐ วัน '),
('S021', 'โลหิตสตรีเสีย', 'ยาตม้ ประกอบดว้ย ใบสม้เสย้ีว ใบมะกา ใบสม้ปอ่ย แกน่ฝาง หางไหล อยา่งละเทา่กนั   ล้างทำความสะอาดเอาใส่ภาชนะต้ม ดื่มครั้งละ ครึ่งแก้ว วันละ ๓ ครั้ง หลังอาหาร   ติดต่อกันนาน ๗-๑๐ วัน'),
('S022', 'กระษัยเส้น', 'ยาต้ม ประกอบด้วย ขมิ้นฤษี กำแพงเจ็ดชั้น เถาวัลย์เปรียง ทนดี และยาดำ    อย่างละเท่ากัน ล้างทำความสะอาดเอาใส่ภาชนะต้ม ดื่มครั้งละครึ่งแก้ว   วันละ ๓ ครั้ง หลังอาหาร ติดต่อกันนาน ๕-๑๐ วัน '),
('S023', 'กระดูกทับเส้นประสาท', 'สูตรยานวด ประกอบด้วย พริกไทยร้อน เจตมูลเพลิง รากถั่วแระ เถาวัลย์เปรียง   และโคคลาน ตำให้ละเอียดใส่น้ำมันงาคนให้เข้ากัน ตั้งให้ตกตะกอน แล้วใช้   ทาเวลาจะนวด'),
('S024', 'โรคริดสีดวงทวาร', 'วิธีการรักษา  ยาต้ม ประกอบด้วย งวงตาล รากใบแก้มหมอ ใบหลุมนก ต้มดื่ม'),
('S025', 'โรคริดสีดวงจมูก', 'วิธีการรักษา  ทำยาให้สูบ ประกอบด้วย ใบมุดตา และยาเส้น มวนสูบ'),
('S026', ' กระดูกหัก แตก ข้อหลุด ร้าว ข้อแพลง ', 'ใส่เฝือกไม้ไผ่ ๕ อัน สำหรับข้อมือ ๗ อัน สำหรับแขน และ ๙ อัน สำหรับขา  แล้วพันผ้าก๊อส เป่าคาถาสำทับลงไปที่บริเวณที่แตกหัก  ๓. นดัผปู้ว่ยประมาณ ๕ วนัมาเปลย่ีนยาใหม ่และนดัอกีจนกวา่ผปู้ว่ยจะหายแนะนำ  ให้บำบัดด้วยเอาน้ำร้อนประคบ เสร็จแล้วทาน้ำมันยา จนกว่ากระดูกแข็งแรง แล้วก็  ให้ผู้ป่วยยกแขน ขา จรดพื้น งอเข้ายืดออก จนกว่านั่งได้ เดินได้ และจับของได้ปกติ'),
('S027', 'อัมพฤกษ์  อัมพาต ', 'รักษาด้วยยา  ๘  ชนิด  คือ  ดีปลี  ฝักคูณ  พริกไทย  ชะลูด  ใบพิมเสน  เทียนดำ   แห้วหมู   ใบมะกา  อาหารแสลง คือ หน่อไม้ดอง   ของหมักดอง   และน้ำเย็น '),
('S028', 'ระดูทับไข้', 'รกัษาดว้ยยา ๔ ชนดิ คอื หวัยาขา้วเยน็ใต ้ หวัยาขา้วเยน็เหนอื  รากมะล ิ รากมะพรา้ว '),
('S029', 'ซางลำไส้เด็ก', 'รักษาด้วยยา  ๕  ชนิด  คือ  แกแล  ๑  ส่วน  ฝาง  ๑  ส่วน  ซังข้าวโพด ๑ ส่วน   ดีปลี ๓ เม็ด   พริกไทย  ๗  เม็ด'),
('S030', 'อัมพฤกษ์', 'รักษาด้วยยา  ๕  ชนิด  คือ ใบมะกา ๓  กำมือ ฝักคูณ  ๕  ฝัก ดีเกลือ ๑/๒  ขีด  ยาดำ ๑/๒ กรัม  แก่นขี้เหล็ก  ๕  ขีด  อาหารแสลง  คือ ของหมักดอง  ของมึนเมา   เนื้อไก่   อาหารทะเล   '),
('S031', 'ไหล่ติด', 'นวดคลายเส้น และจัดกระดูก '),
('S032', 'สมองตีบผ่าสมอง', 'นวดคลายเส้นให้เลือดลมไหลเวียนดี'),
('S033', 'อัมพฤกษ์  อัมพาต', 'รักษาด้วยยา  ๕  ชนิด  คือ  ข่า ๑ ส่วน ไพล  ๑  ส่วน  แห้วหมู  ๑  ส่วน  ใบมะกา  ๓  ส่วน  กระชาย  ๑ ส่วน '),
('S034', 'สันนิบาตปากเบี้ยวตาแหก', ' รักษาด้วยการนวดและทานยาสมุนไพร  ๔  ชนิด  คือ  มะขามเปียก ๑  ส่วน  ไพล ๑  ส่วน  มหาหิงส์  ๑ ส่วน  ยาดำ  ๑  ส่วน  เกลือ  ๑/๒  ส่วน '),
('S035', 'ไข้ทับระดู  ระดูทับไข้ ', 'รักษาด้วยยา  ๔  ชนิด  คือ   รากหมาก  รากตาล  รากมะพร้าว  กำลัง'),
('S036', ' พายเลือดพายลม', 'รักษาด้วยยา  ๗  ชนิด  คือ   ข่า ๑  ส่วน   ไพล ๑ ส่วน   ใบหนาด ๑ ส่วน  ลูกมะกรูด ๙ ลูก  ใบมะนาว ๙  ใบ  ใบมะกา  ๔  กิ่ง  ขมิ้นอ้อย  ๑  ส่วน  อาหารแสลง  คือ  หมู    ไก่   แป้งหมัก   ข้าวเหนียว   ปลาหลด  ปลาไหล'),
('S037', 'กระดูกหัก ', 'รักษาด้วยยา  ๑๗  ชนิด  คือ  น้ำไพลสด ๕๐ กิโลกรัม ขมิ้นอ้อย ๕๐ กิโลกรัม  วา่นเพชรสงัฆาต ๑๐ กโิลกรมั วา่นเถาเอน็ออ่น ๑๐ กโิลกรมั วา่นมา้ฮอ้ ๑๐ กโิลกรมั  ว่านมาเหลียว ๒๐ กิโลกรัม  ว่านม้า ๑๐ กิโลกรัม  เถาคัน ๑๐ กิโลกรัม  สบู่เลือด    ๑๐ กิโลกรัม  เถาตำลึง ๑๐ กิโลกรัม  น้ำมันงา ๒๐ ปี๊บเล็ก  น้ำมันมะพร้าว ๗ ลูก   น้ำส้มสายชู  ๒  ขวด  สารส้ม  ๒  บาท  พิมเสน ๑/๒  กิโลกรัม  การบูร ๑/๒  กิโลกรัม  เมนทอล ๑/๒  กิโลกรัม '),
('S038', 'อัมพฤกษ์  อัมพาต', ' รักษาด้วยยา  ๑  ชนิด  คือ  รัตนวาโย '),
('S039', 'โรคพิษสุนัขบ้า', 'รักษาด้วยยา  ๒  ชนิด  คือ  ผักขมหนาม  ๑ ต้น   เหล้าขาว ๑  แก้ว'),
('S040', ' เบาหวาน', 'รักษาด้วยยา  ๓  ชนิด  คือ  กระท้อนทั้ง ๕   บอระเพ็ดตัวผู้   หนอนตายอยาก '),
('S041', 'อัมพฤกษ์  อัมพาต', 'รักษาด้วยยา ๑๓ ชนิดแต่บอกได้เพียง ๕ ชนิด คือ โกฎทั้ง ๕  เทียนทั้ง ๕  พริกไทย '),
('S042', ' ฉี่หนู ', 'รักษาด้วยยา  ๕  ชนิด  คือ  เหง้าสับปะรด   งวงตาล   สารส้ม  เหงือกปลาหมอ   น้ำตาลทรายกรวด'),
('S043', 'ปวดหัวเข่ากระดูกเสื่อม', 'รักษาด้วยยา  ๒  ชนิด  คือ  ตะไคร้  ๕  ต้น   ใบย่านาง  ๑  กำมือ '),
('S044', ' แผลติดเชื้อ', 'รักษาด้วยยา  ๔  ชนิด  คือ หมาก  ๓  แว่น  ปูน  ๑ ช้อนชา   ใบพลู  ๑ ใบ '),
('S045', ' แผลพุพองเน่าทั้งตัว  ภูมิแพ้  เหนื่อยหอบ  วัณโรค ', 'รักษาด้วยยา  ๗  ชนิด  คือ ฟ้าทะลายโจร หนุมานประสานกาย  ทองพันชั่ง  ช้าพลู  ไพล  แพงพวยบก  หญ้าหนวดแมว '),
('S046', 'งูสวัด และลมพิษ', 'รกัษาดว้ยยา ๔ ชนดิ  คอื ใบบวัหลวง ๓ ใบ  รากคดัคา้ว ๑ บาท รากตะขบปา่ ๑ บาท  รากพุงดอ  ๑  บาท '),
('S047', ' เบาหวาน', 'รักษาด้วยยา ๔ ชนิด คือ  ใบหนาด ๕ บาท  ทองพันชั่ง ๕ บาท  รากพุทรา ๕ บาท  สารส้ม  ๒  บาท '),
('S048', 'เส้นยึด  กระดูกทับเส้น  เส้นจม ', 'การรักษาคือการกดจุดตามเส้น'),
('S049', 'ข้อบวม  ปวด', 'รักษาด้วยยา  ๔  ชนิด  คือ  ใบอินทนิลน้ำ  ๓  ส่วน  หญ้าขัดมอญ  ๓  ส่วน    หญ้าดอกขาว  ๑  ส่วน   หัวว่านน้ำ  ๓  ส่วน '),
('S050', 'โรคปวดเมื่อย', 'รักษาด้วยยา  ๕  ชนิด  คือ  เถาวัลย์เปรียง  ๔  ส่วน  หญ้าหมอน้อย  ๒  ส่วน   ดอกดีปลี ๒ ส่วน   กำแพงเจ็ดชั้น  ๑ ส่วน   ใบมะขามแขก ๑ ส่วน');

-- --------------------------------------------------------

--
-- Table structure for table `patient`
--

CREATE TABLE `patient` (
  `patient_id` varchar(20) NOT NULL,
  `patient_name` varchar(255) NOT NULL,
  `patient_add` varchar(500) NOT NULL,
  `patient_phone` varchar(30) NOT NULL
) ENGINE=InnoDB DEFAULT CHARSET=utf8;

--
-- Dumping data for table `patient`
--

INSERT INTO `patient` (`patient_id`, `patient_name`, `patient_add`, `patient_phone`) VALUES
('P001', 'นายบุญมี   เหนียวแน่น ', '68  หมู่ 4 ต.คลองตระเกรา  อ.ท่าตะเกียบ จ.ฉะเชิงเทรา ', '0343754763'),
('P002', 'นายสะโอด   เนียมสะอาด ', '567 หมู่ 12 ต.คลองตระเกรา อ.ท่าตะเกียบ จ.ฉะเชิงเทรา ', '0238453475'),
('P003', 'นายหอมชาย   ยาจันทา ', '19  หมู่ 5 ต.โพธิงาม  อ.ประจันทคาม จ.ปราจีนบุรี ', '0643784573'),
('P004', 'นายวิชัย   สุขเจริญ ', '50/1  หมู่ 18  ต.เนินหอม อ.เมือง จ.ปราจีนบุรี ', '0897827367'),
('P005', 'นายชูชีพ   คงคาศรี ', '147/3 หมู่ 1  ต.บึงไร่ 1  อ.ศรีราชา  จ.ชลบุรี ', '0238756347'),
('P006', 'นายจรูญ  พรหมจันทร์ ', '99/270 ม.12  ต.นาป่า  อ.เมือง  จ.ชลบุรี ', '0934759253'),
('P007', 'นายแวน   วงศ์แววดี ', ' 202/1 หม ู่11  ต.ทงุ่ควายกนิ  อ.แกลง  จ.ระยอง ', '0384573674'),
('P008', 'นายทิวา   วงศ์คง ', '68 หมู่ 6  ต.วังจันทร์  อ.วังจันทร์  จ.ระยอง ', '0834854786'),
('P009', 'นายประเสริฐ   แก้วงาม ', ' 51/1 หมู่ที่ 1 ต.เกาะขวาง อ.เมือง จ.จันทบุรี ', '0348568568'),
('P010', 'นายเที่ยง  ศรีทองคำ ', '22/1  หมู่  5  ต.สนามไชย  อ.นายายอาม จ.จันทบุรี ', '0348568464'),
('P011', 'นายสายยน   ใหญ่กระโทก', '89 หม ู่15  ต.ทงุ่มหาเจรญิ  อ.วงันำ้เยน็  จ.สระแก้ว', '0863563475'),
('P012', 'นายวินัย    สายเปลี่ยน ', ' 121 หมู่ 12  ต.วงัใหม ่ อ.วงัสมบรูณ์  จ.สระแก้ว', '0349854786'),
('P013', 'นายสังวาล   สอนทอง ', '119  หมู่  16  ต.ทุ่งมหาเจริญ  อ.วังน้ำเย็น จ.สระแก้ว', '0387458746'),
('P014', 'นายเสริญ   เสี่ยงเคราะห์ ', '28  หมู่ 2 ต.ห้วยน้ำขาว อ.เมือง จ.ตราด', '0734757346'),
('P015', 'นายบรรจง   ฟักทอง ', '6  หมู่ 1  ต.หาดเล็ก อ.คลองใหญ่ จ.ตราด', '0652375473'),
('P016', 'นายมูล   เจตะปิก', '2/1 หมู่ 4 ต.เกาะช้าง อ.เกาะช้าง จ.ตราด ', '0374573547'),
('P017', 'นายพา  รักนุ้ย', '110 หมู่ที่ 4 ตำบลโคกทราย อำเภอป่าบอน จังหวัดพัทลุง ', '0385683476'),
('P018', 'นายปราโมทย์  แก้วนุ้ย', '121 หมู่ที่ 2 ตำบลบ้านพร้าว อำเภอป่าพะยอม จังหวัดพัทลุง ', '0523743475'),
('P019', 'นางหวน คงศรีทอง', '127  หมู่ที่ 4 ตำบลแพรกหา อำเภอควนขนุน จังหวัดพัทลุง ', '0273564532'),
('P020', 'นายสวิง องอาจ', '10 หมู่ที่ 12  ตำบลเขาพระ อำเภอพิปูน จังหวัดนครศรีธรรมราช ', '0734563784'),
('P021', 'นายไพรัตน์ งามประดิษฐ', '183 หมู่ที่ 9 ตำบลนาแว อำเภอฉวาง จังหวัดนครศรีธรรมราช ', '0623754732'),
('P022', 'นายภานุพงศ์  ปริยวงศ์กร', '11 หมู่ที่ 3  ตำบลบางจาก อำเภอเมือง จังหวัดนครศรีธรรมราช ', '0738745723'),
('P023', 'นายสมบัติ  ไชยคชบาล', '174 หมู่ที่ 7 ตำบลนาบอน อำเภอนาบอน จังหวัดนครศรีธรรมราช ', '0462537236'),
('P024', 'นายเคล้า คงชุม ', '14  หมู่ที่ 4 ตำบลนิคมพัฒนา อำเภอมะนัง จังหวัดสตูล ', '0387547354'),
('P025', 'นายจัด  นุ้ยจันทร์', '40  หมู่ที่ 6 ตำบลน้ำผุด อำเภอละงู จังหวัดสตูล ', '0256346839'),
('P026', 'นายเคลื่อน  ทองรอด ', ' 62 หมู่ที่ 6 ตำบลทุ่งค่าย อำเภอย่านตาขาว จังหวัดตรัง ', '0238746732'),
('P027', 'นายแหยง พัฒนา', ' 14  ตำบลกันตัง อำเภอกันตัง จังหวัดตรัง ', '0347623642'),
('P028', 'นายจิตร  บุญเลื่อง', '49 หมู่ที่ 1 ตำบลวังมะปรางเหนือ อำเภอวังวิเศษ จังหวัดตรัง ', '0873467235'),
('P029', ' นายทองหวาน  คำมณี ', '11 หมู่ที่ 4 ตำบลท่าธง อำเภอรามัน จังหวัดยะลา ', '0384578346'),
('P030', 'นายนุกูล   ลอยทอง ', '95 หมู่ที่ 4 ตำบลยุโป อำเภอเมือง   จังหวัดยะลา ', '0384758738'),
('P031', 'นายเติม   เจริญสุข ', '29/1  หมู่ที่ 10 ตำบลไทรขึง อำเภอพระแสง จังหวัดสุราษฏร์ธานี ', '0873473754'),
('P032', 'นายผิน  ศรชนะ ', '49 หมู่ที่ 2 ตำบลกะเปา อำเภอคีรีรัฐนิคม จังหวัดสุราษฏร์ธานี ', '0527346235'),
('P033', 'นายกิติพงศ์  เพชรรัตน์ ', ' 75 หมู่ที่ 10 ตำบลบ้านนา อำเภอบ้านนาเดิม จังหวัดสุราษฏร์ธานี ', '0763472357'),
('P034', 'นายสัมฤทธิ์  วิชัยดิษฐ ', '38/2 หมู่ที่ 2 ตำบลกรูด อำเภอกาญจนดิษฐ์  จังหวัดสุราษฎร์ธานี', '0562362635'),
('P035', 'นายสำเริง  หนูคง ', '43/1 หมู่ที่ 9 ตำบลตากแดด อำเภอเมือง จังหวัดชุมพร ', '0287354732'),
('P036', 'นายสงวน  คุณทรหาร ', '61 หมู่ที่ 5 ตำบลนาชะอาง อำเภอเมือง จังหวัดชุมพร ', '0256347237'),
('P037', 'นายเสริฐ   ขาวอรุณ', ' 7 หมู่ที่ 3 ตำบลนาขา อำเภอหลังสวน จังหวัดชุมพร ', '0263575423'),
('P038', 'นายสมปอง   อุทุมรัตน์ ', '15/1 หมู่ที่ 12 ตำบลบางหมาก อำเภอเมือง  จังหวัดชุมพร ', '0372425347'),
('P039', 'นางสมพร  สุดใจ ', '101 หมู่ที่ 9 ตำบลนาพญา อำเภอหลังสวน จังหวัดชุมพร ', '0645623727'),
('P040', 'นายวิโรจน์  วิโรจน์วัฒนกุล', '119/5 หมู่ที่ 7 ตำบลนาโพธิ์ อำเภอสวี จังหวัดชุมพร ', '0238756734'),
('P041', 'นายฟื้น  แก้วสมศรี ', '24 หมู่ที่ 11  ตำบลท่าม่วง อำเภอเทพา  จังหวัดสงขลา ', '0523642734'),
('P042', 'นายคล่อง  พรหมปลอด', '23 หมู่ที่ 2 ตำบลคูหา     อำเภอสะบ้าย้อย จังหวัดสงขลา ', '0347563784'),
('P043', 'นายบูรณ์   ขวัญจันทร์ ', ' 35/1 หมู่ที่ 2 ตำบลท่าไทร อำเภอจะนะ จังหวัดสงขลา ', '0236426354'),
('P044', 'นายยะยอ   หลำขุน', '61 หมู่ที่ 3 ตำบลสะพานไม้แก่น    อำเภอจะนะ จังหวัดสงขลา ', '0374723647'),
('P045', 'นายอุเส็น  วงศ์นิรัตน์ ', '23/5 หมู่ที่ 1 ตำบลหัวเขา   อำเภอสิงหนคร  จังหวัดสงขลา ', '0235482736'),
('P046', 'นายวน  แก้วบัวผัน ', '33/3 หมู่ที่ ๖ ตำบลสะบ้าย้อย   อำเภอสะบ้าย้อย จังหวัดสงขลา ', '0875436487'),
('P047', 'นายดนรอหมาน   การดี ', '61 หมู่ที่ 2 ตำบลสะกอม   อำเภอเทพา จังหวัดสงขลา ', '0347578362'),
('P048', 'นายเอียด แก่นแก้ว', '73/1 หมู่ที่ 7 ตำบลท่าเรือ     อำเภอโคกโพธิ์ จังหวัดปัตตานี ', '0834723747'),
('P049', 'นายสุรวิทย์  สือมุ ', ' 12 หมู่ที่ 3  ตำบลปลองหอย    อำเภอกะพ้อ จังหวัดปัตตานี ', '0238467826'),
('P050', 'นายสามะ   มะเซ็ง ', '67/2 หมู่ที่ 5 ตำบลปะเสยะวอ     อำเภอสายบุรี จังหวัดปัตตานี ', '0287547236'),
('P051', 'นายสมเกียรติ  ชำนาญยา', '92 หมู่ 2 ตำบลบ้านตุ่น อำเภอเมือง จังหวัดพะเยา ', '0239865487'),
('P052', 'นายแต่ง  กุสาวดี ', '8 หมู่ 10 ตำบลงิม อำเภอปง จังหวัดพะเยา ', '0655263547'),
('P053', 'นายสม  ทิพย์ยอม', '51/3 หมู่ 6 ตำบลออนใต้ อำเภอสันกำแพง จังหวัดเชียงใหม่ ', '0571273872'),
('P054', 'นายบุญตัน  ไชยสิทธิ์ ', '1/2 หมู่ 4 ตำบลออนใต้ อำเภอสันกำแพง จังหวัดเชียงใหม่ ', '0876566283'),
('P055', 'นายอ้าย มังป๋อง ', '30 หมู่ 8 ตำบลสมัย อำเภอสบปราบ จังหวัดลำปาง ', '0644624365'),
('P056', 'นายซ้อน  ศิริเมืองมูล ', '53 หมู่ 7 ตำบลแม่พริก อำเภอแม่พริก จังหวัดลำปาง ', '0235432747'),
('P057', 'นายอินปั๋น  ทาคำสม ', '170 หมู่ 3 ตำบลดู่ใต้  อำเภอเมือง จังหวัดน่าน ', '0998787723');

-- --------------------------------------------------------

--
-- Table structure for table `user`
--

CREATE TABLE `user` (
  `user_id` varchar(20) NOT NULL,
  `user_name` varchar(255) NOT NULL,
  `user_add` varchar(500) NOT NULL,
  `user_phone` varchar(30) NOT NULL,
  `user_user` varchar(30) NOT NULL,
  `user_pass` varchar(30) NOT NULL
) ENGINE=InnoDB DEFAULT CHARSET=utf8;

--
-- Dumping data for table `user`
--

INSERT INTO `user` (`user_id`, `user_name`, `user_add`, `user_phone`, `user_user`, `user_pass`) VALUES
('A001', 'นาย วุฒิพงศ์ พราหมณ์คล้ำ', '19/1 ม. 5 ต. ท่าไม้รวก อ. ท่ายาง จ.เพชรบุรี', '0925178917', 'champ', '123456'),
('A002', 'นาย ตรีภพ เทียนฟัก', '20 ม. 7 ต. คลองกะแชง อ เมือง จ. เพชรบุรี', '0085451245', 'arm', '123456'),
('A003', 'นาง สมหมาย ใจดี', '12 ม.4 ต.ท่าขาม อ.ท่ายาง จ.เพชรบุรี', '0988756475', 'admin', '1234');

--
-- Indexes for dumped tables
--

--
-- Indexes for table `doctor`
--
ALTER TABLE `doctor`
  ADD PRIMARY KEY (`doctor_id`);

--
-- Indexes for table `heal`
--
ALTER TABLE `heal`
  ADD PRIMARY KEY (`heal_id`);

--
-- Indexes for table `medtype`
--
ALTER TABLE `medtype`
  ADD PRIMARY KEY (`mtype_id`);

--
-- Indexes for table `patient`
--
ALTER TABLE `patient`
  ADD PRIMARY KEY (`patient_id`);

--
-- Indexes for table `user`
--
ALTER TABLE `user`
  ADD PRIMARY KEY (`user_id`);

/*!40101 SET CHARACTER_SET_CLIENT=@OLD_CHARACTER_SET_CLIENT */;
/*!40101 SET CHARACTER_SET_RESULTS=@OLD_CHARACTER_SET_RESULTS */;
/*!40101 SET COLLATION_CONNECTION=@OLD_COLLATION_CONNECTION */;
